the;das
be;Sein
of;von
and;und
a;ein
to;zu
in;in
he;er
have;verfügen über
it;es
that;das
for;Pro
they;Sie
I;ich
with;mit
as;wie
not;nicht
on;an
she;Sie
at;beim
by;durch
this;Dies
we;wir
you;Sie
do;tun
but;aber
from;von
or;oder
which;die
one;eins
would;möchten
all;alle
will;Wille
there;dort
say;sagen
who;Wer
make;machen
when;Wenn
can;kann
more;mehr
if;wenn
no;Nein
man;Mann
out;aus
other;andere
so;Also
what;was
time;Zeit
up;hoch
go;gehen
about;etwa
than;als
into;hinein
could;könnten
state;Zustand
only;nur
new;Neu
year;Jahr
some;manche
take;nehmen
come;Kommen Sie
these;diese
know;wissen
see;sehen
use;benutzen
get;werden
like;mögen
then;dann
first;Erste
any;beliebig
work;arbeiten
now;jetzt
may;kann
such;eine solche
give;Gib mal
over;über
think;Überlegen
most;die meisten
even;auch
find;finden
day;Tag
also;Auch
after;nach
way;Weg
many;viele
must;muss
look;suchen
before;Vor
great;Großartig
back;zurück
through;durch
long;lang
where;wo
much;viel
should;sollen
well;Gut
people;Menschen
down;Nieder
own;eigen
just;einfach
because;weil
good;gut
each;jeder
those;jene
feel;fühlen
seem;erscheinen
how;wie
high;hoch
too;auch
place;Ort
little;kleine
world;Welt
very;sehr
still;still
nation;Nation
hand;Hand
old;alt
life;Leben
tell;erzählen
write;schreiben
become;werden
here;Hier
show;Show
house;Haus
both;beide
between;zwischen
need;müssen
mean;bedeuten
call;Anruf
develop;sich entwickeln
under;unter
last;zuletzt
right;Rechts
move;Bewegung
thing;Sache
general;Allgemeines
school;Schule
never;noch nie
same;gleich
another;Ein weiterer
begin;Start
while;während
number;Nummer
part;Teil
turn;Dreh dich
real;Real
leave;verlassen
might;Macht
want;wollen
point;Punkt
form;bilden
off;aus
child;Kind
few;wenig
small;klein
since;seit
against;gegen
ask;Fragen
late;spät
home;Heimat
interest;Interesse
large;groß
person;Person
end;Ende
open;offen
public;allgemein
follow;Folgen
during;während
present;Geschenk
without;ohne
again;wieder
hold;halt
govern;regieren
around;um herum
possible;möglich
head;Kopf
consider;Erwägen
word;Wort
program;Programm
problem;Problem
however;jedoch
lead;führen
system;System
set;einstellen
order;bestellen
eye;Auge
plan;planen
run;Lauf
keep;behalten
face;Gesicht
fact;Tatsache
group;Gruppe
play;abspielen
stand;Stand
increase;Zunahme
early;früh
course;Kurs
change;Veränderung
help;Hilfe
line;Linie
city;Stadt
put;setzen
close;nah dran
case;Fall
force;Gewalt
meet;Treffen
once;Einmal
water;Wasser
upon;auf
war;Krieg
build;bauen
hear;hören
light;hell
unite;Vereinen
live;Live
every;jeden
country;Land
bring;bringen
center;Center
let;Lassen
side;Seite
try;Versuchen
provide;zur Verfügung stellen
continue;Fortfahren
name;Name
certain;sicher
power;Energie
pay;Zahlen
result;Ergebnis
question;Frage
study;lernen
woman;Frau
member;Mitglied
until;noch bis
far;weit
night;Nacht
always;stets
service;Service
away;ein Weg
report;Prüfbericht
something;etwas
company;Begleitung
week;Woche
church;Kirche
toward;zu
start;Anfang
social;Sozial
room;Zimmer
figure;Zahl
nature;Natur
though;obwohl
young;Jung
less;weniger
enough;genügend
almost;fast
read;lesen
include;enthalten
president;Präsident
nothing;nichts
yet;noch
better;besser
big;groß
boy;Junge
cost;Kosten
business;Geschäft
value;Wert
second;zweite
why;warum
clear;klar
expect;erwarten von
family;Familie
complete;Komplett
act;Gesetz
sense;Sinn
mind;Geist
experience;Erfahrung
art;Kunst
next;nächste
near;nahe
direct;Direkte
car;Wagen
law;Gesetz
industry;Industrie
important;wichtig
girl;Mädchen
god;Gott
several;mehrere
matter;Angelegenheit
usual;gewöhnlich
rather;eher
per;pro
often;oft
kind;Art
among;unter
white;Weiß
reason;Grund
action;Aktion
return;Rückkehr
foot;Fuß
care;Pflege
simple;einfach
within;innerhalb
love;Liebe
human;Mensch
along;eine lange
appear;erscheinen
doctor;Arzt
believe;glauben
speak;sprechen
active;aktiv
student;Schüler
month;Monat
drive;Antrieb
concern;Anliegen
best;Beste
door;Tür
hope;hoffen
example;Beispiel
inform;informieren
body;Karosserie
ever;immer
least;am wenigsten
probable;wahrscheinlich
understand;verstehe
reach;erreichen
effect;Wirkung
different;unterschiedlich
idea;Idee
whole;ganz
control;Kontrolle
condition;Kondition
field;Bereich
pass;bestehen
fall;fallen
note;Hinweis
special;Besondere
talk;sprechen
particular;besondere
today;heute
measure;messen
walk;gehen
teach;unterrichten
low;niedrig
hour;Stunde
type;Typ
carry;tragen
rate;Bewertung
remain;bleiben übrig
full;voll
street;Straße
easy;leicht
although;obwohl
record;aufzeichnen
sit;sitzen
determine;bestimmen
level;eben
local;lokal
sure;sicher
receive;erhalten
thus;daher
moment;Moment
spirit;Geist
train;Zug
college;Hochschule
religion;Religion
perhaps;womöglich
music;Musik
grow;wachsen
free;kostenlos
cause;weil
serve;Dienen
age;das Alter
book;Buchen
board;Gremium
recent;jüngste
sound;Klang
office;Sekretariat
cut;schneiden
step;Schritt
class;Klasse
TRUE;WAHR
history;Geschichte
position;Position
above;Oben
strong;stark
friend;Freundin
necessary;notwendig
add;hinzufügen
court;Gericht
deal;handeln
tax;MwSt
support;Unterstützung
party;Party
whether;ob
either;entweder
land;Land
material;Material
happen;passieren
education;Bildung
death;Tod
agree;zustimmen
arm;Arm
mother;Mutter
across;über
quite;ziemlich
anything;irgendetwas
town;Stadt
past;Vergangenheit
view;Aussicht
society;Gesellschaft
manage;verwalten
answer;Antworten
break;brechen
organize;organisieren
half;halb
fire;Feuer
lose;verlieren
money;Geld
stop;halt
actual;tatsächlich
already;schon
effort;Anstrengung
wait;warte ab
department;Abteilung
able;fähig
political;politisch.
learn;lernen
voice;Stimme
air;Luft
together;zusammen
shall;soll
cover;Startseite
common;gemeinsam
subject;Gegenstand
draw;zeichnen
short;kurz
wife;Ehefrau
treat;behandeln
limit;Grenze
road;Straße
letter;Buchstabe
color;Farbe
behind;hinter
produce;produzieren
send;senden
term;Begriff
total;gesamt
university;Universität
rise;erheben
century;Jahrhundert
success;Erfolg
minute;Minute
remember;merken
purpose;Zweck
test;Prüfung
fight;Streit
watch;Uhr
situation;Lage
south;Süd
ago;vor
difference;Unterschied
stage;Bühne
father;Vater
table;Tabelle
rest;Rest
bear;Bär
entire;gesamte
market;Markt
prepare;bereiten
explain;erklären
offer;Angebot
plant;Pflanze
charge;aufladen
ground;Boden
west;West
picture;Bild
hard;schwer
front;Vorderseite
lie;Lüge
modern;modern
dark;dunkel
surface;Oberfläche
rule;Regel
regard;betrachten
dance;tanzen
peace;Frieden
observe;beobachten
future;Zukunft
wall;Mauer
farm;Bauernhof
claim;beanspruchen
firm;Feste
operation;Betrieb
further;weiter
pressure;Druck
property;Eigentum
morning;Morgen
amount;Höhe
top;oben
outside;außen
piece;Stück
sometimes;manchmal
beauty;Schönheit
trade;handeln
fear;Furcht
demand;Anforderung
wonder;Wunder
list;aufführen
accept;akzeptieren
judge;beurteilen
paint;Farbe
mile;Meile
soon;bald
responsible;verantwortlich
allow;ermöglichen
secretary;Sekretär
heart;Herz
union;Union
slow;langsam
island;Insel
enter;Eintreten
drink;Getränk
story;Geschichte
experiment;Experiment
stay;bleibe
paper;Papier
space;Platz
apply;sich bewerben
decide;entscheiden
share;Teilen
desire;Verlangen
spend;ausgeben
sign;Unterschrift
therefore;deshalb
various;verschiedene
visit;Besuch
supply;liefern
officer;Offizier
doubt;Zweifel
private;Privatgelände
immediate;sofort
wish;Wunsch
contain;enthalten
feed;Futter
raise;erhöhen
describe;beschreiben
ready;bereit
horse;Pferd
son;Sohn
exist;existieren
north;Norden
suggest;empfehlen
station;Bahnhof
effective;Wirksam
food;Lebensmittel
deep;tief
wide;weit
alone;allein
character;Charakter
english;Englisch
happy;glücklich
critic;Kritiker
unit;Einheit
product;Produkt
respect;respektieren
drop;fallen
nor;Noch
fill;füllen
cold;kalt
represent;vertreten
sudden;plötzlich
basic;Basic
kill;töten
fine;fein
trouble;Problem
mark;markieren
single;Single
press;Drücken Sie
heavy;schwer
attempt;Versuch
origin;Ursprung
standard;Standard
everything;alles
committee;Komitee
moral;Moral-
black;Schwarz
red;rot
bad;Schlecht
earth;Erde
accord;Übereinstimmung
else;anders
mere;bloß
die;sterben
remark;Anmerkung
basis;Basis
except;außer
equal;gleich
east;Ost
event;Veranstaltung
employ;beschäftigen
defense;Verteidigung
smile;Lächeln
river;Fluss
improve;verbessern
game;Spiel
detail;Detail
account;Konto
cent;Cent
sort;Sortieren
reduce;reduzieren
club;Verein
buy;Kaufen
attention;Aufmerksamkeit
ship;Schiff
decision;Entscheidung
wear;tragen
inside;Innerhalb
win;Sieg
suppose;vermuten
ride;Fahrt
operate;arbeiten
realize;realisieren
sale;Verkauf
choose;wählen
park;Park
square;Platz
vote;Abstimmung
price;Preis
district;Bezirk
dead;tot
foreign;ausländisch
window;Fenster
beyond;darüber hinaus
direction;Richtung
strike;schlagen
instead;stattdessen
trial;Gerichtsverhandlung
practice;trainieren
catch;Fang
opportunity;Gelegenheit
likely;wahrscheinlich
recognize;erkenne
permit;erlauben
serious;Ernst
attack;Attacke
floor;umhauen
association;Verband
spring;Frühling
lot;viel
stock;Stock
lack;Mangel
hair;Haar
science;Wissenschaft
relation;Beziehung
profession;Beruf
pattern;Muster
quick;schnell
medical;medizinisch
influence;beeinflussen
occasion;Gelegenheit
machine;Maschine
compare;vergleichen
husband;Ehemann
blue;Blau
international;International
fair;Messe
especially;besonders
indeed;in der Tat
imagine;sich vorstellen
surprise;Überraschung
average;Durchschnitt
official;offiziell
temperature;Temperatur
difficult;schwierig
sing;singen
hit;Schlag
tree;Baum
race;Rennen
police;Polizei
touch;berühren
relative;relativ
throw;Wurf
quality;Qualität
former;ehemalige
pull;ziehen
chance;Chance
prove;beweisen
argue;streiten
settle;siedeln
growth;Wachstum
date;Datum
heat;Wärme
save;speichern
performance;Leistung
count;zählen
production;Produktion
listen;Hör mal zu
main;hauptsächlich
pick;wählen
size;Größe
cool;cool
army;Armee
patient;Geduldig
combine;kombinieren
summer;Sommer
hall;Halle
slight;leicht
command;Befehl
enjoy;Viel Spaß
length;Länge
proper;richtig
express;äußern
health;die Gesundheit
chief;Chef
evening;Abend
store;Geschäft
language;Sprache
degree;Grad
lay;legen
current;Strom
gun;Pistole
dog;Hund
hotel;Hotel
strange;komisch
separate;trennen
boat;Boot
fail;Scheitern
clean;sauber
dress;Kleid
anyone;jeder
gain;gewinnen
pain;Schmerzen
object;Objekt
knowledge;Wissen
depend;abhängen
relate;betreffen
below;unter
dollar;Dollar
advance;Vorauszahlung
shape;Form
arrange;arrangieren
population;Population
yes;ja
sell;verkaufen
mention;erwähnen
dry;trocken
check;überprüfen
poet;Dichter
sleep;Schlaf
join;beitreten
hot;heiß
bed;Bett
electric;elektrisch
dream;Traum
due;fällig
season;Jahreszeit
manner;Benehmen
fit;passen
left;links
progress;Fortschritt
neither;weder
strength;Stärke
notice;Notiz
finish;beenden
opinion;Meinung
bill;Rechnung
western;Western
truth;Wahrheit
wrong;falsch
travel;Reisen
suit;passen
bank;Bank
exact;genau
honor;Ehren
brother;Bruder
quiet;ruhig
marry;heiraten
corner;Ecke
handle;handhaben
danger;Achtung
hospital;Krankenhaus
pool;Schwimmbad
promise;Versprechen
blood;Blut
shoot;schießen
scene;Szene
literature;Literatur
arrive;ankommen
film;Film
base;Base
freedom;Freiheit
bar;Bar
maybe;könnte sein
hang;aufhängen
suffer;leiden
manufacture;Herstellung
frequent;häufig
rock;Felsen
loss;Verlust
burn;brennen
sun;Sonne
audience;Publikum
essential;essentiell
glass;Glas
prevent;verhindern
poem;Gedicht
poor;Arm
inch;Zoll
song;Lied
skill;Fähigkeit
post;Post
popular;Beliebt
radio;Radio
animal;Tier
conscious;bewusst
worth;Wert
eat;Essen
election;Wahl
faith;Vertrauen
wave;Welle
murder;Mord
model;Modell
forget;vergessen
extend;erweitern
edge;Kante
distance;Distanz
memory;Erinnerung
recommend;empfehlen
division;Teilung
staff;Mitarbeiter
leg;Bein
discussion;Diskussion
address;die Anschrift
fly;Fliege
dependent;abhängig
ball;Ball
shake;Shake
frame;Rahmen
extreme;extrem
engineer;Techniker
thick;dick
comfort;Komfort
latter;Letztere
camp;Lager
oil;Öl
discover;entdecken
examine;untersuchen
difficulty;Schwierigkeit
tooth;Zahn
middle;Mitte
choice;Auswahl
refer;verweisen
enemy;Feind
practical;praktisch
marriage;Ehe
bridge;Brücke
declare;erklären
lady;Dame
cross;überqueren
daily;Täglich
afternoon;Nachmittag
attend;teilnehmen
director;Direktor
balance;Gleichgewicht
wash;waschen
capital;Hauptstadt
speed;Geschwindigkeit
block;Block
citizen;Bürger
mouth;Mund
hill;Hügel
green;Grün
please;bitte
motor;Motor-
agency;Agentur
encourage;ermutigen
governor;Gouverneur
worry;Sorge
affair;Affäre
shoulder;Schulter
bright;hell
mass;Masse
sample;Probe
pretty;ziemlich
repeat;wiederholen
roll;rollen
push;drücken
trip;Reise
council;Rat
clothe;kleiden
parent;Elternteil
forward;nach vorne
sharp;Scharf
straight;gerade
gas;Gas
weight;Gewicht
discuss;diskutieren
fix;Fix
load;Belastung
master;Meister
whatever;was auch immer
round;runden
rapid;schnell
laugh;Lachen
finger;Finger
spot;Stelle
propose;vorschlagen
shop;Einkaufen
broad;breit
replace;ersetzen
reply;Antwort
extent;Ausmaß
lock;sperren
employee;Mitarbeiter
ahead;voaus
sight;Sicht
spread;Verbreitung
wind;Wind
approve;genehmigen
destroy;zerstören
none;keiner
pound;Pfund
fame;Ruhm
importance;Bedeutung
reflect;reflektieren
advantage;Vorteil
match;Spiel
regular;regulär
wage;Lohn
refuse;sich weigern
existence;Existenz
hardly;kaum
perform;ausführen
title;Titel
tend;neigen
exercise;Übung
thin;dünn
coat;Mantel
bit;bisschen
mountain;Berg
youth;Jugend
behavior;Verhalten
newspaper;Zeitung
secret;Geheimnis
ability;Fähigkeit
sea;Meer
soft;Sanft
justice;Gerechtigkeit
reasonable;angemessen
circle;Kreis
solid;fest
page;Seite
weapon;Waffe
fast;schnell
representative;Vertreter
search;Suche
pure;rein
escape;Flucht
crowd;Menge
stick;Stock
telephone;Telefon
avoid;vermeiden
garden;Garten
favor;Gefallen
news;Nachrichten
unless;es sei denn
dinner;Abendessen
someone;jemand
signal;Signal
yard;Garten
ideal;Ideal
warm;warm
miss;Fräulein
shelter;Schutz
soldier;Soldat
article;Artikel
cry;schreien
captain;Kapitän
familiar;vertraut
seat;Sitz
guest;Gast
weak;schwach
excite;anregen
king;König
everyone;alle
wine;Wein
hole;Loch
duty;Pflicht
beat;schlagen
perfect;perfekt
bottom;Unterseite
compose;komponieren
battle;Schlacht
expense;Aufwand
cattle;Vieh
flow;fließen
kitchen;Küche
dust;Staub
bottle;Flasche
admit;zugeben
tear;zerreißen
tire;Reifen
expression;Ausdruck
exception;Ausnahme
application;Anwendung
belong;gehören
rich;Reich
failure;Versagen
struggle;Kampf
instrument;Instrument
variety;Vielfalt
narrow;eng
theater;Theater
collection;Sammlung
rain;Regen
review;Rezension
preserve;bewahren
leadership;Führung
clay;Ton
daughter;Tochter
fellow;Geselle
swing;schwingen
thank;danken
library;Bücherei
fat;Fett
reserve;Reservieren
tour;Tour
nice;nett
warn;warnen
ring;Ring
bitter;bitter
chair;Sessel
yesterday;gestern
scientific;wissenschaftlich
flower;Blume
wheel;Rad
solution;Lösung
aim;Ziel
gather;versammeln
invite;einladen
moreover;darüber hinaus
fresh;frisch
forest;Wald
winter;Winter
box;Kasten
belief;Glauben
ordinary;gewöhnliche
impossible;unmöglich
print;drucken
gray;grau
taste;Geschmack
lip;Lippe
speech;Rede
reference;Hinweis
stain;Fleck
connection;Verbindung
otherwise;ansonsten
stretch;strecken
knife;Messer
village;Dorf
blow;Schlag
mistake;Fehler
sweet;Süss
shout;schreien
divide;Teilen
guard;bewachen
worse;schlimmer
exchange;Austausch
rare;Selten
commercial;Werbung
request;Anfrage
appoint;ernennen
agent;Agent
dependence;Abhängigkeit
bird;Vogel
wild;wild
motion;Bewegung
guess;vermuten
neighbor;Nachbar
seed;Samen
fashion;Mode
loan;Darlehen
correct;Korrekt
plain;schlicht
mail;E-Mail
retire;sich zurückziehen
opposite;Gegenteil
prefer;vorziehen
safe;sicher
evil;böse
double;doppelt
wood;Holz
empty;leer
baby;Baby
advise;beraten
content;Inhalt
sport;Sport
lift;Aufzug
literary;literarisch
curious;neugierig
tie;binden
flat;eben
message;Botschaft
neck;Nacken
hate;hassen
dirt;Schmutz
delight;Genuss
trust;Vertrauen
nobody;niemand
valley;Schlucht
tool;Werkzeug
presence;Gegenwart
cook;Koch
railroad;Eisenbahn
minister;Minister
coffee;Kaffee
brush;Bürste
beside;neben
collect;sammeln
guide;führen
luck;Glück
profit;profitieren
lord;Herr
everybody;alle
prison;Gefängnis
cloud;Wolke
slave;Sklave
chairman;Vorsitzende
soil;Boden
distinguish;unterscheiden
introduce;einführen
urge;Drang
blind;blind
arise;entstehen
upper;Oberer, höher
curve;Kurve
membership;Mitgliedschaft
key;Schlüssel
entertain;unterhalten
soul;Seele
neighborhood;Nachbarschaft
friendly;freundlich
pair;Paar
stone;Stein
lean;mager
protect;schützen
advertise;werben
mystery;Geheimnis
welcome;willkommen
knee;Knie
jump;springen
snake;Schlange
stream;Strom
avenue;Allee
brown;Braun
disease;Erkrankung
hat;Hut
excellent;Ausgezeichnet
formal;formell
snow;Schnee
sheet;Blatt
somehow;irgendwie
unity;Einheit
sky;Himmel
rough;Rau
smooth;glatt
weather;Wetter
steady;stetig
threaten;drohen
depth;Tiefe
oppose;ablehnen
deliver;liefern
ancient;alt
pray;beten
adopt;adoptieren
birth;Geburt
appearance;das Auftreten
universe;Universum
busy;beschäftigt
hurry;Eile
coast;Küste
forth;nachher
smell;Geruch
furnish;liefern
female;weiblich
hide;verbergen
wire;Kabel
proposal;Vorschlag
ought;solltest
victory;Sieg
quarter;Quartal
engine;Motor
customer;Kunde
waste;Abfall
fool;Dummkopf
intend;beabsichtigen
intention;Absicht
desk;Pult
politics;Politik
passage;Passage
lawyer;Anwalt
root;Wurzel
climb;steigen
metal;Metall
gradual;alljährlich
hunt;Jagd
protection;Schutz
satisfy;erfüllen
roof;Dach
branch;Ast
pleasure;Vergnügen
witness;Zeuge
loose;lose
nose;Nase
mine;Bergwerk
band;Band
aside;beiseite
risk;Risiko
tomorrow;Morgen
remind;erinnern
ear;Ohr
fish;Fisch
shore;Ufer
operator;Operator
civilize;zivilisieren
being;Sein
silent;Leise
screen;Bildschirm
bind;binden
earn;verdienen
pack;Pack
colony;Kolonie
besides;Außerdem
slip;Unterhose
cousin;Vetter
scale;Skala
relief;Linderung
explore;entdecken
stem;Stengel
brain;Gehirn
musician;Musiker
defend;verteidigen
bend;Biege
somebody;jemanden
shadow;Schatten
mix;mischen
smoke;Rauch
description;Bezeichnung
fruit;Frucht
guilt;Schuld
yield;Ertrag
sensitive;empfidlich
salt;Salz
pale;blass
sweep;fegen
completion;Fertigstellung
throat;Kehle
agriculture;Landwirtschaft
admire;bewundern
gentle;sanft
dozen;Dutzend
particle;Partikel
pleasant;angenehm
bay;Bucht
cup;Tasse
competition;Wettbewerb
moon;Mond
terrible;abscheulich
strip;Streifen
mechanic;Mechaniker
shock;Schock
conversation;Gespräch
angle;Winkel
tall;hoch
plenty;eine Menge
star;Stern
yellow;Gelb
sick;krank
thorough;gründlich
absolute;absolut
succeed;erfolgreich
surround;umgeben
proud;stolz
dear;Liebling
card;Karte
lake;See
breath;Atem
afraid;besorgt
silence;Stille
onto;auf zu
shoe;Schuh
somewhere;irgendwo
chain;Kette
slide;gleiten
copy;Kopieren
machinery;Maschinen
wake;aufwachen
severe;stark
pocket;Tasche
bone;Knochen
honest;ehrlich
freeze;einfrieren
dictionary;Wörterbuch
calm;Ruhe
swim;schwimmen
ice;Eis
male;männlich
skin;Haut
crack;Riss
rush;sich beeilen
wet;nass
meat;Fleisch
commerce;Handel
joint;gemeinsam
gift;Geschenk
host;Gastgeber
suspect;verdächtig
path;Weg
uncle;Onkel
afford;sich leisten
instant;sofortig
satisfactory;zufriedenstellend
height;Höhe
track;Spur
confidence;Vertrauen
grass;Gras
suggestion;Anregung
favorite;Liebling
breakfast;Frühstück
apart;ein Teil
chest;Brust
entrance;Eingang
march;Marsch
sink;Waschbecken
northern;nördlich
iron;Eisen
alive;lebendig
ill;krank
bag;Tasche
disturb;stören
native;einheimisch
bedroom;Schlafzimmer
violent;heftig
beneath;unter
pause;Pause
tough;hart
substance;Substanz
threat;Gefahr
charm;Charme
absence;Abwesenheit
factory;Fabrik
spite;trotz
meal;Mahlzeit
universal;Universal-
accident;Unfall
highway;Autobahn
sentence;Satz
liberty;Freiheit
wise;Weise
noise;Lärm
discovery;Entdeckung
tube;Rohr
flash;Blitz
twist;Twist
fence;Zaun
childhood;Kindheit
joy;Freude
sister;Schwester
sad;traurig
efficiency;Effizienz
disappear;verschwinden
defeat;Verlust
extensive;umfangreich
rent;Miete
comparison;Vergleich
possess;besitzen
grace;Anmut
flesh;Fleisch
liquid;flüssig
scientist;Wissenschaftler
ease;Leichtigkeit
heaven;Himmel
milk;Milch
sympathy;Sympathie
rank;Rang
restaurant;Restaurant
frequency;Frequenz
angry;verärgert
shade;Schatten
accuse;beschuldigen
necessity;Notwendigkeit
knock;klopfen
loud;laut
permanent;dauerhaft
row;Reihe
lovely;schön
confuse;verwechseln
gold;Gold
frighten;erschrecken
solve;lösen
grave;Grab
salary;Gehalt
photograph;Foto
advice;Ratschlag
abroad;im Ausland
wound;Wunde
virtue;Tugend
dare;Wagen
queen;Königin
extra;extra
attract;anlocken
numerous;zahlreiche
pink;Rosa
gate;Tor
expensive;teuer
shut;geschlossen
chicken;Huhn
forgive;verzeihen
holy;heilig
wooden;hölzern
prompt;prompt
crime;Verbrechen
sorry;Verzeihung
republic;Republik
anger;der Zorn
visitor;Besucher
pile;Haufen
violence;Gewalt
steel;Stahl
wing;Flügel
stair;Treppe
partner;Partner
delay;Verzögerung
gentleman;Gentleman
pour;gießen
confusion;Verwechslung
damage;Beschädigung
kick;trete
safety;Sicherheit
burst;platzen
network;Netzwerk
resistance;Widerstand
screw;Schraube
pride;Stolz
till;bis
hire;mieten
verb;Verb
preach;predigen
clerk;Verkäufer
everywhere;überall, überallhin, allerorts
anyway;ohnehin
fan;Fan
connect;anschließen
egg;Ei
efficient;effizient
grain;Getreide
calculate;Berechnung
drag;ziehen
opposition;Opposition
worship;Verehrung
arrest;Festnahme
discipline;Disziplin
string;String
harbor;Hafen
camera;Kamera
mechanism;Mechanismus
cow;Kuh
grand;groß
funny;komisch
insurance;Versicherung
reduction;die Ermäßigung
strict;strikt
lesson;Lektion
tight;fest
sand;Sand
plate;Platte
qualify;qualifizieren
elsewhere;anderswo
mad;verrückt
interference;Interferenz
pupil;Schüler
fold;falten
royal;königlich
valuable;wertvoll
whisper;flüstern
anybody;irgendjemand
hurt;verletzen
excess;Überschuss
quantity;Menge
fun;Spaß
mud;Dreck
extension;Verlängerung
recognition;Erkennung
kiss;Kuss
crop;Ernte
sail;Segel
attractive;attraktiv
habit;Gewohnheit
relieve;entlasten
wisdom;Weisheit
persuade;überreden
certainty;Sicherheit
cloth;Stoff
eager;erpicht
deserve;verdienen
sympathetic;sympathisch
cure;Heilung
trap;fangen
puzzle;Puzzle
powder;Pulver
raw;roh
mankind;Menschheit
glad;froh
blame;beschuldigen
whenever;wann immer
anxiety;Angst
bus;Bus
tremble;zittern
sacred;heilig
fortunate;glücklich
glory;Ruhm
golden;golden
neat;sauber
weekend;Wochenende
treasury;Schatzkammer
overcome;überwinden
cat;Katze
sacrifice;Opfer
complain;beschweren
elect;wählen
roar;brüllen
sake;Sake
temple;Tempel
self;selbst
compete;wetteifern
nurse;Krankenschwester
stuff;Sachen
stomach;Magen
peculiar;eigenartig
repair;Reparatur
storm;Sturm
ton;Tonne
desert;Wüste
allowance;Beihilfe
servant;Knecht
hunger;Hunger
conscience;Gewissen
bread;Brot
crash;Absturz
tip;Spitze
strengthen;stärken
proof;nachweisen
generous;großzügig
sir;Herr
tonight;heute Abend
whip;Peitsche
tongue;Zunge
mill;Mühle
merchant;Händler
coal;Kohle
ruin;zugrunde richten
introduction;Einleitung
courage;Mut
actor;Darsteller
belt;Gürtel
stir;Aufsehen
package;Paket
punish;bestrafen
reflection;Betrachtung
breathe;durchatmen
anywhere;irgendwo
amuse;amüsieren
dull;langweilig
fate;Schicksal
net;Netz
fellowship;Gemeinschaft
fault;Fehler
furniture;Möbel
beam;Strahl
pencil;Bleistift
border;Grenze
disappoint;enttäuschen
flame;Flamme
joke;scherzen
bless;segnen
corn;Mais
shell;Hülse
tempt;versuchen
supper;Abendessen
destruction;Zerstörung
dive;tauchen
anxious;Ängstlich
shine;scheinen
cheap;billig
dish;Gericht
distant;entfernt
greet;grüßen
flood;Flut
excuse;Ausrede
insect;Insekt
ocean;Ozean
ceremony;Zeremonie
decrease;verkleinern
prize;Preis-
harm;Schaden
insure;versichern
verse;Vers
pot;Topf
sincere;aufrichtig
cotton;Baumwolle
leaf;Blatt
rub;reiben
medicine;Medizin
stroke;Schlaganfall
bite;beissen
lung;Lunge
lonely;einsam
admission;Zulassung
stupid;dumm
scratch;kratzen
composition;Komposition
broadcast;Rundfunk
drum;Trommel
resist;widerstehen
neglect;Vernachlässigung
absent;abwesend
passenger;Passagier
adventure;Abenteuer
beg;bitten
pipe;Rohr
beard;Bart
bold;deutlich
meanwhile;inzwischen
devil;Teufel
cheer;jubeln
nut;Mutter
split;Teilt
melt;schmelzen
swear;schwören
sugar;Zucker
bury;begraben
wipe;wischen
faint;ohnmächtig werden
creature;Kreatur
tail;Schwanz
wealth;Reichtum
earnest;Ernst
translate;Übersetzen
suspicion;Verdacht
noble;edel
inquiry;Anfrage
journey;Reise
hesitate;zögern
extraordinary;außerordentlich
borrow;ausleihen
owe;verdanken
funeral;Beerdigung
ambition;Ehrgeiz
mixture;Mischung
slope;Neigung
criminal;kriminell
seldom;selten
map;Karte
spin;Dreh
praise;loben
spare;Ersatzteil
plow;Pflug
telegraph;Telegraph
barrel;Fass
straighten;begradigen
scarce;spärlich
lunch;Mittagessen
slavery;Sklaverei
creep;schleichen
sweat;Schweiß
gay;Fröhlich
stiff;steif
brave;mutig
seize;ergreifen
convenient;praktisch
horizon;Horizont
moderate;mäßig
complicate;komplizieren
dig;graben
curse;Fluch
weigh;wiegen
priest;Priester
excessive;übermäßig
quarrel;Streit
widow;Witwe
modest;bescheiden
dine;speisen
politician;Politiker
custom;Brauch
educate;erziehen
salesman;Verkäufer
nail;Nagel
tap;klopfen
eastern;östlich
possession;Besitz
satisfaction;Zufriedenheit
behave;sich verhalten
mercy;Gnade
scatter;streuen
objection;Einspruch
silver;Silber-
tent;Zelt
saddle;Sattel
wrap;wickeln
nest;Nest
grind;mahlen
spell;Fluch
plaster;Gips
arch;Bogen
swell;anschwellen
friendship;Freundschaft
bath;Bad
bundle;bündeln
grateful;dankbar
crown;Krone
boundary;Grenze
nowhere;nirgends
asleep;schlafend
clock;Uhr
boil;Kochen
altogether;insgesamt
lend;verleihen
holiday;Urlaub
precious;kostbar
wander;wandern
ugly;hässlich
reputation;Ruf
ticket;Fahrkarte
pretend;vorgeben
dismiss;zurückweisen
delicate;empfindlich
despair;verzweifeln
awake;wach
tea;Tee
FALSE;FALSCH
fortune;Reichtum
cap;Deckel
thread;Faden
haste;Eile
bare;nackt?
shirt;Shirt
bargain;Schnäppchen
leather;Leder
rail;Schiene
butter;Butter
dot;Punkt
inquire;Anfragen
warmth;Wärme
decisive;entscheidend
vessel;Schiff
pity;das Mitleid
steam;Dampf
pin;Stift
bound;gebunden
companion;Begleiter
toe;Zehe
reward;Belohnung
forbid;verbieten
wherever;wo auch immer
tower;Turm
bathe;baden
lodge;Hütte
swallow;schlucken
multiply;multiplizieren
bow;Bogen
kingdom;Königreich
garage;Garage
permission;Erlaubnis
pump;Pumpe
prevention;Verhütung
urgent;dringend
aunt;Tante
zero;Null
idle;Leerlauf
fever;Fieber
christmas;Weihnachten
regret;Reue
jaw;Kiefer
soap;Seife
pronounce;aussprechen
empire;Reich
bowl;Schüssel
outline;Gliederung
organ;Organ
imitation;Nachahmung
caution;Vorsicht
mineral;Mineral
disagree;verschiedener Meinung sein
blade;Klinge
trick;Trick
treasure;Schatz
immense;immens
convenience;Bequemlichkeit
disapprove;missbilligen
destructive;destruktiv
fork;Gabel
noon;Mittag
ownership;Eigentum
tune;Melodie
polish;Polieren
poison;Gift
shame;Schande
loyalty;Loyalität
cottage;Hütte
astonish;erstaunen
shave;rasieren
feather;Feder
sauce;Soße
lid;Deckel
debt;Schuld
fade;verblassen
confess;bekennen
classification;Einstufung
descend;absteigen
cape;Kap
mild;leicht
clever;Clever
envelope;Umschlag
invention;Erfindung
sheep;Schaf
splendid;prächtig
stamp;Briefmarke
float;schweben
brick;Schrotten
rice;Reis
businessman;Geschäftsmann
backward;rückwärts
qualification;Qualifikation
artificial;künstlich
attraction;Attraktion
lamp;Lampe
curl;lockern
shower;Dusche
elder;ältere
bunch;Bündel
bell;Glocke
steer;steuern
flavor;Geschmack
spit;Spucke
rob;rauben
cream;Creme
interrupt;unterbrechen
pen;Kuli
weave;weben
orange;Orange
rescue;Rettung
crush;zerquetschen
humble;bescheiden
fancy;schick
decay;Verfall
polite;höflich
tribe;Stamm
bleed;bluten
coin;Münze
fond;gern
autumn;Herbst
classify;klassifizieren
omit;auslassen
loyal;treu
needle;Nadel
lessen;verringern
complaint;Beschwerde
pad;Pad
steep;steil
skirt;Rock
curtain;Vorhang
calculation;Berechnung
laughter;Lachen
solemn;feierlich
grease;Fett
interfere;stören
explode;explodieren
fasten;befestigen
flag;Flagge
resign;zurücktreten
postpone;verschieben
patience;Geduld
boast;Prahlerei
rope;Seil
envy;Neid
airplane;Flugzeug
rid;loswerden
shield;Schild
veil;Schleier
kneel;knien
tray;Tablett
explosive;explosiv
brass;Messing
taxi;Taxi
wax;Wachs
duck;Ente
button;Taste
invent;erfinden
remedy;Abhilfe
bush;Busch
thunder;Donner
weaken;schwächen
poverty;Armut
scrape;kratzen
arrow;Pfeil
tender;zart
cruel;grausam
soften;erweichen
mouse;Maus
hay;Heu
anyhow;jedenfalls
alike;wie
circular;kreisförmig
juice;Saft
shelf;Regal
bake;backen
hatred;Hass
cautious;zurückhaltend
basket;Korb
wreck;Wrack
width;Breite
confident;zuversichtlich
log;Protokoll
heap;Haufen
suck;saugen
ladder;Leiter
gap;Lücke
obey;gehorchen
hut;Hütte
axe;Axt
translation;Übersetzung
collar;Kragen
delivery;Lieferung
reproduce;reproduzieren
confession;Geständnis
pan;Pfanne
prejudice;Vorurteil
voyage;Reise
tobacco;Tabak
simplicity;Einfachheit
paste;Einfügen
cake;Kuchen
elephant;Elefant
ribbon;Schleife
harvest;Ernte
ashamed;beschämt
cave;Höhle
customary;üblich
thief;Dieb
damp;Feuchtigkeit
sew;nähen
rust;Rost
separation;Trennung
waiter;Kellner
pet;Haustier
straw;Stroh
upset;verärgern
towel;Handtuch
refresh;Aktualisierung
essence;Wesen
fur;Fell
ambitious;ehrgeizig
defendant;Beklagte
daylight;Tageslicht
dip;tauchen
suspicious;verdächtig
imaginary;imaginär
ash;Asche
carriage;Wagen
educator;Erzieher
saw;gesehen
stove;Herd
rubber;Gummi
rug;Teppich
misery;Elend
awkward;unangenehm
rival;Rivale
roast;braten
deed;Tat
preference;Bevorzugung
explosion;Explosion
theatrical;theatralisch
cultivate;pflegen
collector;Kollektor
miserable;miserabel
wrist;Handgelenk
rabbit;Hase
accustom;gewöhnen
tide;Tide
insult;Beleidigung
thumb;Daumen
lump;Klumpen
annoy;ärgern
toy;Spielzeug
heal;heilen
shallow;seicht
repetition;Wiederholung
soup;Suppe
whistle;Pfeife
scenery;Landschaft
apple;Apfel
offense;Delikt
cork;Kork
ripe;reif
temper;Temperament
sore;wund
pinch;Prise
diamond;Diamant
razor;Rasierer
imaginative;fantasievoll
hook;Haken
copper;Kupfer
landlord;Vermieter
influential;einflussreich
rot;verrotten
hollow;hohl
enclose;beifügen
harden;härten
wicked;böse
stiffen;versteifen
silk;die Seide
upright;aufrecht
selfish;egoistisch
stripe;Streifen
pig;Schwein
inward;innere
excellence;Exzellenz
rake;Rechen
purple;Violett
hasten;eilen
shorten;verkürzen
applause;Beifall
ache;schmerzen
apology;Entschuldigung
knot;Knoten
nephew;Neffe
cushion;Kissen
drown;ertrinken
nursery;Kindergarten
pint;Pint
fierce;erbittert
imitate;imitieren
aloud;laut
gaiety;Fröhlichkeit
robbery;Raub
tighten;spannen
perfection;Perfektion
scorn;Verachtung
whoever;wer auch immer
trunk;Kofferraum
wool;wolle
sailor;Seemann
competitor;Wettbewerber
moonlight;Mondlicht
deer;Hirsch
bean;Bohne
everyday;jeden Tag
drawer;Schublade
disregard;außer Acht lassen
nowadays;heutzutage
patriotic;patriotisch
tin;Zinn
penny;Penny
cage;Käfig
pardon;Begnadigung
lately;in letzter Zeit
offend;beleidigen
coarse;grob
spoil;verwöhnen
horizontal;horizontal
sting;Stachel
ditch;Graben
librarian;Bibliothekar
meantime;inzwischen
cough;Husten
deaf;taub
sword;Schwert
messenger;Bote
vain;vergeblich
castle;Schloss
elastic;elastisch
comb;Kamm
rod;Stange
widen;erweitern
sorrow;Kummer
inventor;Erfinder
cliff;Cliff
umbrella;Regenschirm
interruption;Unterbrechung
merry;Fröhlich
gallon;Gallone
conquest;Eroberung
headache;Kopfschmerzen
tailor;Schneider
bucket;Eimer
scent;Duft
signature;Unterschrift
cart;Wagen
darken;verdunkeln
sometime;irgendwann
applaud;applaudieren
underneath;unterhalb
hello;Hallo
pretense;anspruch
descent;Abstieg
conquer;erobern
framework;Rahmen
confidential;geheim
adoption;Annahme
disgust;der Ekel
waist;Taille
momentary;momentan
receipt;Kassenbon
pearl;Perle
ray;Strahl
lazy;faul
limb;Glied
grammatical;grammatikalisch
beast;Tier
monkey;Affe
jewel;Juwel
persuasion;Überzeugung
obedience;Gehorsam
sock;Socke
vowel;Vokal
hammer;Hammer
inn;Gasthaus
chimney;Schornstein
dissatisfaction;Unzufriedenheit
annoyance;Ärger
ornament;Ornament
honesty;Ehrlichkeit
outward;nach außen
sharpen;schärfen
handkerchief;Taschentuch
greed;Gier
heavenly;paradiesisch
thirst;Durst
niece;Nichte
spill;verschütten
loaf;Laib
wheat;Weizen
worm;Wurm
secrecy;Geheimhaltung
rude;unhöflich
heighten;erhöhen
flatten;ebnen
loosen;lösen
cheese;Käse
rivalry;Rivalität
royalty;Lizenzgebühr
discontent;Unzufriedenheit
complication;Komplikation
fright;Schreck
indoor;innen
flour;Mehl
actress;Darstellerin
congratulation;Glückwunsch
ounce;Unze
fry;Braten
everlasting;ewig.
goat;Ziege
ink;Tinte
disappearance;Verschwinden
reproduction;Reproduktion
thicken;verdicken
avoidance;Vermeidung
spoon;Löffel
strap;Gurt
deceive;täuschen
lengthen;verlängern
revenge;Rache
correction;Korrektur
descendant;Nachfahre
hesitation;Zögern
spade;Spaten
basin;Becken
weed;Gras
omission;Unterlassung
old-fashioned;altmodisch
bicycle;Fahrrad
breadth;Breite
photography;Fotografie
coward;Feigling
mat;Matte
rejoice;jubeln
cheat;schummeln
congratulate;gratulieren
discomfort;leichte Schmerzen
enclosure;Gehege
attentive;aufmerksam
paw;Pfote
overflow;Überlauf
dissatisfy;nicht befriedigen
multiplication;Multiplikation
whichever;was auch immer
tidy;aufgeräumt
bribe;bestechen
mend;heilen
stocking;Strumpf
feast;Fest
nuisance;Belästigung
thorn;Dorn
tame;zähmen
inclusive;inklusive.
homemade;hausgemacht
handwriting;Handschrift
chalk;Kreide
sour;sauer
slippery;rutschig
procession;Prozession
ripen;reifen
jealous;eifersüchtig
jealousy;Eifersucht
liar;Lügner
homecoming;Heimkehr
barber;Barbier
whiten;Whiten
berry;Beere
lighten;erleichtern
pigeon;Taube
hinder;behindern
bravery;Mut
baggage;Gepäck
noun;Substantiv
amongst;unter
grammar;Grammatik
cultivation;Anbau
companionship;Gesellschaft
rubbish;Müll
modesty;Bescheidenheit
woolen;Woll-
deepen;vertiefen
pastry;Gebäck
cupboard;Schrank
quart;Quart
canal;Kanal
notebook;Notizbuch
deceit;Betrug
parcel;Paket
brighten;aufhellen
moderation;Mäßigung
punctual;pünktlich
hurrah;Hurra
lipstick;Lippenstift
uppermost;oberste
fatten;mästen
conqueror;Eroberer
hindrance;Hindernis
cowardice;Feigheit
obedient;Gehorsam
saucer;Untertasse
madden;verrückt machen
scold;schelten
weekday;Wochentag
rotten;verfault
disrespect;Respektlosigkeit
widower;Witwer
deafen;taub
donkey;Esel
businesslike;sachlich
motherhood;Mutterschaft
sadden;betrüben
handshake;Handshake
calculator;Taschenrechner
headdress;Kopfschmuck
scissors;Schere
translator;Übersetzer
possessor;Besitzer
shilling;Schilling
redden;röten
motherly;mütterlich
whose;deren
cultivator;Grubber
whom;wem
homework;Hausaufgaben
electrician;Elektriker
oar;Ruder
bribery;Bestechung
sweeten;versüßen
sow;Sau
pronunciation;Aussprache
beak;Schnabel
plural;Plural-